{"train": [0.7111111111111111, 0.7722222222222223, 0.7611111111111111, 0.7833333333333333, 0.7833333333333333, 0.7888888888888889, 0.7888888888888889, 0.7888888888888889, 0.7888888888888889, 0.7888888888888889], "val": [0.7625, 0.7625, 0.7875, 0.775, 0.7875, 0.7875, 0.7875, 0.7875, 0.7875, 0.7875]}